abstract,accession_number,alternate_title,api_link,api_model,ark,batch_ids,box_name,box_number,canonical_link,caption,catalog_key,collection,contributor,create_date,creator,csv_metadata_update_jobs,cultural_context,date_created,description,file_sets,folder_name,folder_number,genre,id,identifier,iiif_manifest,indexed_at,ingest_project,ingest_sheet,keywords,language,legacy_identifier,library_unit,license,location,modified_date,notes,physical_description_material,physical_description_size,preservation_level,project,provenance,published,publisher,related_material,related_url,representative_file_set,rights_holder,rights_statement,scope_and_contents,series,source,status,style_period,subject,table_of_contents,technique,terms_of_use,thumbnail,title,visibility,work_type
,falke_1806,,https://api.dc.library.northwestern.edu/api/v2/works/5b2a6e8a-c273-43f7-bf16-07a349c7152d,Work,ark:/81985/n2df6n36z,639574e9-efa0-4759-ab8c-07f317684dbe|bc2418ee-ab35-447a-bcde-80952064cd67|dbe54e2a-cfda-4f01-ba67-f25b953adbc6,,,https://dc.library.northwestern.edu/items/5b2a6e8a-c273-43f7-bf16-07a349c7152d,,9972389354202441,Arabic Manuscripts from West Africa,"Falke, ʻUmar, 1893-1962",2021-03-25T23:00:12.567194Z,,4b607094-9291-4828-9c74-02a236d7fa49,,1900s,On the behaviour and attitude of women [in Hausa society].,p.1|p.2|p.3|p.4|p.5|p.6|p.7|p.8,,,Verse: quintrains|manuscripts (documents)|نظم: خماسية,5b2a6e8a-c273-43f7-bf16-07a349c7152d,West African Arabic Manuscript Project 4654 (Kano)|Falke 1806,https://api.dc.library.northwestern.edu/api/v2/works/5b2a6e8a-c273-43f7-bf16-07a349c7152d?as=iiif,2023-02-20T16:20:10.206145,P0394-J0341-Ajami-Batch2,P0394-J0341-Ajami-batch2.csv,,Hausa|Arabic,,Herskovits Library of African Studies,None,,2023-02-02T15:02:37.345722Z,"{'note': 'Condition: Paper frayed and worn at edges. Vocalised.', 'type': 'Local Note'}|{'note': 'Hausa', 'type': 'Language Note'}",4 leaves.,19 x 24 cm,Level 1,"{'cycle': '2021', 'desc': None, 'manager': 'Dan Zellner', 'name': 'Ajami Batch 2', 'proposer': 'Esmeralda Kale', 'task_number': 'J0341'}",,True,,,Research Guide,https://iiif.dc.library.northwestern.edu/iiif/2/eee12415-a290-4a97-85b9-f44556a1a97e,,Copyright Undetermined,,Arabic Manuscripts from West Africa -- The ‘Umar Falke Collection,,Done,,Social matters: women|مجتمعية: نساء,,,"The images on this web site are from material in the collections of the Melville J. Herskovits Library of African Studies at Northwestern University Libraries, are provided for use by its students, faculty and staff, and by other researchers visiting this site, for research consultation and scholarly purposes only. Further distribution and/or any commercial use of the images from this site is not permitted.",https://api.dc.library.northwestern.edu/api/v2/works/5b2a6e8a-c273-43f7-bf16-07a349c7152d/thumbnail,شعر النساء/ بسم الله الله ناكريكا كوم ذاني سيناكريك,Public,Image
,hunwick_0007,,https://api.dc.library.northwestern.edu/api/v2/works/79af36dd-4d45-4ae9-9655-bd9d07e00f91,Work,ark:/81985/n2183631w,639574e9-efa0-4759-ab8c-07f317684dbe|64379b44-548c-4ea6-b79d-9548a4bad73b|bc2418ee-ab35-447a-bcde-80952064cd67|dbe54e2a-cfda-4f01-ba67-f25b953adbc6,,,https://dc.library.northwestern.edu/items/79af36dd-4d45-4ae9-9655-bd9d07e00f91,,9972409874202441,Arabic Manuscripts from West Africa,"Bello, Muḥammad, Sultan of Sokoto, 1781-1837|Hunwick, John O.",2021-03-25T23:00:13.631101Z,,4b607094-9291-4828-9c74-02a236d7fa49,,1900s,Author's nisba: Fudi|Author known as: Muhammad Bello|Pages 21-23 Hausa poem: Wakar Kiran Salla by Shehu Kusare.|النسبة: فودي;اسم الشهرة: محمد بلو|Copied at: Sokoto,front cover|p.1|p.2|p.3|p.4|p.5|p.6|p.7|p.8|p.9|p.10|p.11|p.12|p.13|p.14|p.15|p.16|p.17|p.18|p.19|blank p.|p.20|un-numbered|p.21|p.22|p.23,,,Prose: book|نثر: كتاب|manuscripts (documents),79af36dd-4d45-4ae9-9655-bd9d07e00f91,West African Arabic Manuscript Project 5955 (Kano)|Hunwick 0007,https://api.dc.library.northwestern.edu/api/v2/works/79af36dd-4d45-4ae9-9655-bd9d07e00f91?as=iiif,2023-02-20T16:20:11.676880,P0394-J0341-Ajami-Batch2,P0394-J0341-Ajami-batch2.csv,,Hausa|Arabic,,Herskovits Library of African Studies,None,,2023-02-02T15:02:37.345722Z,"{'note': 'Condition: Fully vocalized. Lacks cover. Edges browned and frayed.', 'type': 'Local Note'}|{'note': 'Hausa', 'type': 'Language Note'}",23 pages.,17 x 22 cm,Level 1,"{'cycle': '2021', 'desc': None, 'manager': 'Dan Zellner', 'name': 'Ajami Batch 2', 'proposer': 'Esmeralda Kale', 'task_number': 'J0341'}",,True,,,Research Guide,https://iiif.dc.library.northwestern.edu/iiif/2/9d4720c2-644d-40c4-b7cb-d34ec10a6707,,Copyright Undetermined,,Arabic Manuscripts from West Africa--The John Hunwick Collection,,Done,,Ethics: filial piety|أخلاق: بر الوالدين,,,"The images on this web site are from material in the collections of the Melville J. Herskovits Library of African Studies at Northwestern University Libraries, are provided for use by its students, faculty and staff, and by other researchers visiting this site, for research consultation and scholarly purposes only. Further distribution and/or any commercial use of the images from this site is not permitted.",https://api.dc.library.northwestern.edu/api/v2/works/79af36dd-4d45-4ae9-9655-bd9d07e00f91/thumbnail,برالوالدين,Public,Image
,9972411694202441,,https://api.dc.library.northwestern.edu/api/v2/works/33962c28-45f1-4c43-8a8f-a9a84c1acb95,Work,ark:/81985/n2pk09202,2f0e3f42-0200-47ac-b546-c01789ff63d2|64379b44-548c-4ea6-b79d-9548a4bad73b|957ed362-f45f-4a29-a9dd-bb9310284caa|c32f63c8-0fcf-4de6-bfd3-ec09f4d63af3|dbe54e2a-cfda-4f01-ba67-f25b953adbc6|de704dc1-46f8-4725-952d-a134a317e2a7,,,https://dc.library.northwestern.edu/items/33962c28-45f1-4c43-8a8f-a9a84c1acb95,,9972411694202441,Arabic Manuscripts from West Africa,"Bello, Muḥammad, Sultan of Sokoto, 1781-1837|Sokoto State History Bureau|Hunwick, John O.",2021-03-24T19:50:21.490588Z,,4b607094-9291-4828-9c74-02a236d7fa49,,1982,Author's nisba: Fudi|Author known as: Muhammad Bello|Hausa text only entitled: Littafin Sardul-Kalami Na Sarkin Musulmi Muhammad Bello.|النسبة: فودي;اسم الشهرة: محمد بلو|Copied at: Sokoto,front cover|inside front cover|title page|blank page|introduction i|introduction ii|page 1|page 2|page 3|page 4|page 5|page 6|page 7|page 8|page 9|page 10|page 11|page 12|page 13|page 14|page 15|page 16|page 17|page 18|page 19|page 20|page 21|page 22|page 23|page 24|page 25|page 26|page 27|page 28|inside back cover|back cover,,,Prose: book|نثر: كتاب|manuscripts (documents),33962c28-45f1-4c43-8a8f-a9a84c1acb95,West African Arabic Manuscript Project 6137 (Kano)|Hunwick 130,https://api.dc.library.northwestern.edu/api/v2/works/33962c28-45f1-4c43-8a8f-a9a84c1acb95?as=iiif,2023-02-20T16:20:22.737096,P0394-J0329-Ajami-Batch1,P0394-J0329-Ajami-batch1-ingest.csv,,Hausa|Arabic,,Herskovits Library of African Studies,None,,2023-02-02T15:02:37.345722Z,"{'note': 'Hausa', 'type': 'Language Note'}",ii+28 pages.,13 x 21 cm,Level 1,"{'cycle': '2021', 'desc': '""Digitization for grant project. The first batch consists of the following manuscripts: Falke 1284 Hunwick 95, Hunwick 130, Hunwick 340, Paden 047, Paden 438""', 'manager': 'Dan Zellner', 'name': 'Ajami Batch 1', 'proposer': 'Esmeralda Kale', 'task_number': 'J0329'}",,True,,,Research Guide,https://iiif.dc.library.northwestern.edu/iiif/2/a80e8a4e-ae93-45c8-9f9d-12233675dc38,,Copyright Undetermined,,Arabic Manuscripts from West Africa--The John Hunwick Collection,,Done,,Politics: dissention|سياسة: نزاعات,,,"The images on this web site are from material in the collections of the Melville J. Herskovits Library of African Studies at Northwestern University Libraries, are provided for use by its students, faculty and staff, and by other researchers visiting this site, for research consultation and scholarly purposes only. Further distribution and/or any commercial use of the images from this site is not permitted.",https://api.dc.library.northwestern.edu/api/v2/works/33962c28-45f1-4c43-8a8f-a9a84c1acb95/thumbnail,سردالكلام فيما جري بيني وبين عبدالسلام,Public,Image
,9972414104202441,First line of text: بسم الله ربنا باني ساء \ زنواقر وطند باسا صناع|Last line of text: صل عبنغج غشوماغبنم \ حر ءالى صحابه ماس طاع|أولها:|بسم الله ربنا باني ساء \ زنواقر وطند باسا صناع آخرها:|صل عبنغج غشوماغبنم \ حر ءالى صحابه ماس طاع,https://api.dc.library.northwestern.edu/api/v2/works/dfbe17fa-29e9-49c1-aff6-9723d455c511,Work,ark:/81985/n2f18vf3d,2f0e3f42-0200-47ac-b546-c01789ff63d2|957ed362-f45f-4a29-a9dd-bb9310284caa|c32f63c8-0fcf-4de6-bfd3-ec09f4d63af3|dbe54e2a-cfda-4f01-ba67-f25b953adbc6|de704dc1-46f8-4725-952d-a134a317e2a7,,,https://dc.library.northwestern.edu/items/dfbe17fa-29e9-49c1-aff6-9723d455c511,,9972414104202441,Arabic Manuscripts from West Africa,"Amin na-Baban Indawa|أمين نبابن عندوا|Paden, John N.",2021-03-24T19:50:23.731501Z,,4b607094-9291-4828-9c74-02a236d7fa49,,1968 to 1969,"Author's nisba: Kano Yalwa|Composed: 1388 A.H. (1968-9 A.D.)|The poem satirizes those who do not know any profession, and invites people to learn a profession for a lawful living.|النسبة: كانو يلوا",front cover|page 1|page 2|page 3|page 4|page 5|page 6|back cover,,,Verse|manuscripts (documents)|نظم ,dfbe17fa-29e9-49c1-aff6-9723d455c511,West African Arabic Manuscript Project 21539 (Kano)|Paden 438,https://api.dc.library.northwestern.edu/api/v2/works/dfbe17fa-29e9-49c1-aff6-9723d455c511?as=iiif,2023-02-20T16:33:06.477018,P0394-J0329-Ajami-Batch1,P0394-J0329-Ajami-batch1-ingest.csv,,Hausa|Arabic,,Herskovits Library of African Studies,None,,2023-02-02T15:02:37.345722Z,"{'note': 'Condition: good', 'type': 'Local Note'}|{'note': 'Hausa: ajami', 'type': 'Language Note'}",7 pages.,26 x 19 cm,Level 1,"{'cycle': '2021', 'desc': '""Digitization for grant project. The first batch consists of the following manuscripts: Falke 1284 Hunwick 95, Hunwick 130, Hunwick 340, Paden 047, Paden 438""', 'manager': 'Dan Zellner', 'name': 'Ajami Batch 1', 'proposer': 'Esmeralda Kale', 'task_number': 'J0329'}",,True,,,Research Guide,https://iiif.dc.library.northwestern.edu/iiif/2/90851f25-eb22-4c1e-827a-94607156d270,,Copyright Undetermined,,Arabic Manuscripts from West Africa -- The John Paden Collection,,Done,,Ethics: work|أخلاق: صناعة,,,"The images on this web site are from material in the collections of the Melville J. Herskovits Library of African Studies at Northwestern University Libraries, are provided for use by its students, faculty and staff, and by other researchers visiting this site, for research consultation and scholarly purposes only. Further distribution and/or any commercial use of the images from this site is not permitted.",https://api.dc.library.northwestern.edu/api/v2/works/dfbe17fa-29e9-49c1-aff6-9723d455c511/thumbnail,مى صناع بايا ظيا,Public,Image
,falke_0734,,https://api.dc.library.northwestern.edu/api/v2/works/db6ed574-4477-451b-a21c-f8cc78673417,Work,ark:/81985/n2ff3p07p,639574e9-efa0-4759-ab8c-07f317684dbe|bc2418ee-ab35-447a-bcde-80952064cd67|dbe54e2a-cfda-4f01-ba67-f25b953adbc6,,,https://dc.library.northwestern.edu/items/db6ed574-4477-451b-a21c-f8cc78673417,,9972377494202441,Arabic Manuscripts from West Africa,"Aminu Na Baban `Inda Kano Yalwa, -1968 or 1969|امين نبابن عندا كنو يلوا, -1968 or 1969|Yaro Hikaya Kano Yalwa|يارو حكايا كنو يلوا|Falke, ʻUmar, 1893-1962",2021-03-25T23:00:09.841755Z,,4b607094-9291-4828-9c74-02a236d7fa49,,1900s,"Hausa poem, ""Nasihar Yan Uwa"" [Advice to Brothers], criticising the rising cost of marriage and related issues.",front cover|p.1|p.2|back cover,,,Verse: kasida|نظم: قصيدة‎|manuscripts (documents),db6ed574-4477-451b-a21c-f8cc78673417,West African Arabic Manuscript Project 3468 (Kano)|Falke 0734,https://api.dc.library.northwestern.edu/api/v2/works/db6ed574-4477-451b-a21c-f8cc78673417?as=iiif,2023-02-20T16:20:10.219548,P0394-J0341-Ajami-Batch2,P0394-J0341-Ajami-batch2.csv,,Hausa|Arabic,,Herskovits Library of African Studies,None,,2023-02-02T15:02:37.773622Z,"{'note': 'Condition: Paper damp-stained and unevenly cut at edges. Text on the margins of f.2a also cut away.', 'type': 'Local Note'}|{'note': 'Hausa', 'type': 'Language Note'}",2 leaves.,18 x 24 cm,Level 1,"{'cycle': '2021', 'desc': None, 'manager': 'Dan Zellner', 'name': 'Ajami Batch 2', 'proposer': 'Esmeralda Kale', 'task_number': 'J0341'}",,True,,,Research Guide,https://iiif.dc.library.northwestern.edu/iiif/2/173c3085-749d-482b-8448-b4e8ffbd7c07,,Copyright Undetermined,,Arabic Manuscripts from West Africa -- The ‘Umar Falke Collection,,Done,,مجتمعية |مجتمعية: نكاح,,,"The images on this web site are from material in the collections of the Melville J. Herskovits Library of African Studies at Northwestern University Libraries, are provided for use by its students, faculty and staff, and by other researchers visiting this site, for research consultation and scholarly purposes only. Further distribution and/or any commercial use of the images from this site is not permitted.",https://api.dc.library.northwestern.edu/api/v2/works/db6ed574-4477-451b-a21c-f8cc78673417/thumbnail,نصيحر عن عوا/ يا كو متاني نيكرا كتهو كج واقر دذن عثكنتا ذنمك تنبيا,Public,Image
,falke_1107,,https://api.dc.library.northwestern.edu/api/v2/works/ef905abe-fbcd-498d-9ddb-6b9a09496947,Work,ark:/81985/n2251hk79,639574e9-efa0-4759-ab8c-07f317684dbe|bc2418ee-ab35-447a-bcde-80952064cd67|dbe54e2a-cfda-4f01-ba67-f25b953adbc6,,,https://dc.library.northwestern.edu/items/ef905abe-fbcd-498d-9ddb-6b9a09496947,,9972381524202441,Arabic Manuscripts from West Africa,"Falke, ʻUmar, 1893-1962",2021-03-25T23:00:11.018762Z,,4b607094-9291-4828-9c74-02a236d7fa49,,1900s,"Manuscript on the ""stars"", the constellations and the ""shuhur al-`ajami"" (the Gregorian calendar). Occassional marginal and interlinear glosses.|Watermark, Tre Lune.",front cover|p.1|p.2|back cover,,,Verse: urjuza|نظم: ارجوزة|manuscripts (documents),ef905abe-fbcd-498d-9ddb-6b9a09496947,West African Arabic Manuscript Project 3871 (Kano)|Falke 1107,https://api.dc.library.northwestern.edu/api/v2/works/ef905abe-fbcd-498d-9ddb-6b9a09496947?as=iiif,2023-02-20T16:20:10.222301,P0394-J0341-Ajami-Batch2,P0394-J0341-Ajami-batch2.csv,,Hausa|Arabic,,Herskovits Library of African Studies,None,,2023-02-02T15:02:37.773622Z,"{'note': 'Condition: Damp-stained, frayed and worn at edges. Vocalised and rubricated.', 'type': 'Local Note'}|{'note': 'Hausa', 'type': 'Language Note'}",2 leaves.,18 x 23.5 cm,Level 1,"{'cycle': '2021', 'desc': None, 'manager': 'Dan Zellner', 'name': 'Ajami Batch 2', 'proposer': 'Esmeralda Kale', 'task_number': 'J0341'}",,True,,,Research Guide,https://iiif.dc.library.northwestern.edu/iiif/2/5229b1a4-e84d-489e-87f0-fa156aecd842,,Copyright Undetermined,,Arabic Manuscripts from West Africa -- The ‘Umar Falke Collection,,Done,,Science: astronomy|علوم: فلك,,,"The images on this web site are from material in the collections of the Melville J. Herskovits Library of African Studies at Northwestern University Libraries, are provided for use by its students, faculty and staff, and by other researchers visiting this site, for research consultation and scholarly purposes only. Further distribution and/or any commercial use of the images from this site is not permitted.",https://api.dc.library.northwestern.edu/api/v2/works/ef905abe-fbcd-498d-9ddb-6b9a09496947/thumbnail,واقر حساب/ نا غودي وند يي فطن فصلولي غزامني سكي وياجقولي,Public,Image
,P0432_ARABIC_997241259420244,,https://api.dc.library.northwestern.edu/api/v2/works/8bfeea03-5269-45c4-891f-60b0de5447a2,Work,ark:/81985/n2xd0ts04,0f9292b0-cd2c-4fca-b9df-9d57482c8680|29aa904d-aa12-453d-9b28-7f10225bad1d|97039857-212a-4c30-94f5-0a7f5f2d74a9|dbe54e2a-cfda-4f01-ba67-f25b953adbc6,,,https://dc.library.northwestern.edu/items/8bfeea03-5269-45c4-891f-60b0de5447a2,,9972412594202441,Arabic Manuscripts from West Africa,"Hunwick, John O.|Usuman dan Fodio, 1754-1817",2023-01-18T21:28:27.503160Z,,,,,Author's nisba: Fudi. Author known as: Dan Fodio| اسم الشهرة: لبن فودي .النسبة: فودي ,recto|verso|recto|verso|recto|verso|recto|verso|recto|verso|recto|verso|recto|verso|recto|verso,,,Prose: book| نثر: كتاب |manuscripts (documents),8bfeea03-5269-45c4-891f-60b0de5447a2,Hunwick 203|West African Arabic Manuscript Project 6227 (Kano),https://api.dc.library.northwestern.edu/api/v2/works/8bfeea03-5269-45c4-891f-60b0de5447a2?as=iiif,2023-02-20T16:33:07.707918,P0432 Four Arabic Manuscripts Collections,P0432 Four Arabic Manuscripts Collections - Hunwick 203 - INVENTORIED.csv,,Arabic,,Herskovits Library of African Studies,None,,2023-02-02T15:02:37.773622Z,"{'note': 'Condition: Fully vocalized. Stained at edges.', 'type': 'Local Note'}|{'note': 'Part of the Maktaba grant project \n', 'type': 'Local Note'}",8 leaves,18 x 23 cm,Level 1,"{'cycle': '2023', 'desc': None, 'manager': 'Nicole Finzer', 'name': 'Four Arabic Manuscripts Collections; NEH Grant', 'proposer': 'Esmeralda Kale', 'task_number': 'P0432'}",Manuscript purchased by John Hunwick in Sokoto.,True,,,Research Guide,https://iiif.dc.library.northwestern.edu/iiif/2/600b44c3-2cce-4dfb-8417-1aac67cd5798,,Copyright Undetermined,,Arabic Manuscripts from West Africa--The John Hunwick Collection,,Done,,Sufism: supplication: litanies: Qadiriyya|تصوف: أدعية: أوراد: القادرية,,,"The images on this web site are from material in the collections of the Melville J. Herskovits Library of African Studies at Northwestern University Libraries, are provided for use by its students, faculty and staff, and by other researchers visiting this site, for research consultation and scholarly purposes only. Further distribution and/or any commercial use of the images from this site is not permitted.",https://api.dc.library.northwestern.edu/api/v2/works/8bfeea03-5269-45c4-891f-60b0de5447a2/thumbnail,كتاب لما بلغت,Public,Image
,9972383564202441,,https://api.dc.library.northwestern.edu/api/v2/works/1d568ead-c74c-4e8c-90b1-cac8e94480c2,Work,ark:/81985/n22r3qx0h,2f0e3f42-0200-47ac-b546-c01789ff63d2|957ed362-f45f-4a29-a9dd-bb9310284caa|c32f63c8-0fcf-4de6-bfd3-ec09f4d63af3|dbe54e2a-cfda-4f01-ba67-f25b953adbc6|de704dc1-46f8-4725-952d-a134a317e2a7,,,https://dc.library.northwestern.edu/items/1d568ead-c74c-4e8c-90b1-cac8e94480c2,,9972383564202441,Arabic Manuscripts from West Africa,"`Uba Na Kachalla Kano|عبا نكثله كنو|Oluseyi Press|`Abd Allah al-Yassar|عبد الله اليسار|Falke, ʻUmar, 1893-1962",2021-03-24T19:50:15.419748Z,,4b607094-9291-4828-9c74-02a236d7fa49,,1900s,"""Hisabi a sawkake"" [Hisab made easy], an introductory Hausa text on Numerology.|Copied at: Kano",front cover|inside front cover|title page|page 1|page 2|page 3|page 4|page 5|page 6|page 7|page 8|page 9|page 10|page 11|page 12|page 13|page 14|page 15|page 16|page 17|page 18|page 19|page 20|page 21|page 22|page 23|page 24|page 25|page 26|page 27|page 28|page 29|page 30|page 31|page 32|page 33|page 34|page 35|page 36|page 37|page 38|page 39|page 40|page 41|page 42|page 43|page 44|page 45|page 46|page 47|page 48|page 49|page 50|page 51|inside back cover|back cover,,,Prose: book|نثر: كتاب|manuscripts (documents),1d568ead-c74c-4e8c-90b1-cac8e94480c2,West African Arabic Manuscript Project 4075 (Kano)|Falke 1284,https://api.dc.library.northwestern.edu/api/v2/works/1d568ead-c74c-4e8c-90b1-cac8e94480c2?as=iiif,2023-02-20T16:15:05.314963,P0394-J0329-Ajami-Batch1,P0394-J0329-Ajami-batch1-ingest.csv,,Hausa|Arabic,,Herskovits Library of African Studies,None,,2023-02-02T15:02:37.544445Z,"{'note': 'Condition: Lithographed copy. Vocalised.', 'type': 'Local Note'}|{'note': 'Hausa', 'type': 'Language Note'}",51 pages.,18 x 24.5 cm,Level 1,"{'cycle': '2021', 'desc': '""Digitization for grant project. The first batch consists of the following manuscripts: Falke 1284 Hunwick 95, Hunwick 130, Hunwick 340, Paden 047, Paden 438""', 'manager': 'Dan Zellner', 'name': 'Ajami Batch 1', 'proposer': 'Esmeralda Kale', 'task_number': 'J0329'}",,True,,,Research Guide,https://iiif.dc.library.northwestern.edu/iiif/2/484ab0cc-dbd5-4275-9871-1e5e5aef1517,,Copyright Undetermined,,Arabic Manuscripts from West Africa -- The ‘Umar Falke Collection,,Done,,Esoteric sciences: numerology|باطنيات: حساب الجمل,,,"The images on this web site are from material in the collections of the Melville J. Herskovits Library of African Studies at Northwestern University Libraries, are provided for use by its students, faculty and staff, and by other researchers visiting this site, for research consultation and scholarly purposes only. Further distribution and/or any commercial use of the images from this site is not permitted.",https://api.dc.library.northwestern.edu/api/v2/works/1d568ead-c74c-4e8c-90b1-cac8e94480c2/thumbnail,حساب اسوققي,Public,Image
,falke_1569,,https://api.dc.library.northwestern.edu/api/v2/works/42f6150b-4b1b-4505-8aaf-613e7e8d7420,Work,ark:/81985/n2sq8sj0g,639574e9-efa0-4759-ab8c-07f317684dbe|bc2418ee-ab35-447a-bcde-80952064cd67|dbe54e2a-cfda-4f01-ba67-f25b953adbc6,,,https://dc.library.northwestern.edu/items/42f6150b-4b1b-4505-8aaf-613e7e8d7420,,9972386824202441,Arabic Manuscripts from West Africa,"Falke, ʻUmar, 1893-1962",2021-03-25T23:00:11.836940Z,,4b607094-9291-4828-9c74-02a236d7fa49,,1900s,Manuscript critical of the British presence in N. Nigeria and encouraging emigration [hijra]. Manuscript attributed to Sarkin Musulmi Attahiru who was killed at Burmi by the British.,p.1|p.2|p.3|p.4,,,Verse: kasida|نظم: قصيدة‎|manuscripts (documents),42f6150b-4b1b-4505-8aaf-613e7e8d7420,West African Arabic Manuscript Project 4401 (Kano)|Falke 1569,https://api.dc.library.northwestern.edu/api/v2/works/42f6150b-4b1b-4505-8aaf-613e7e8d7420?as=iiif,2023-02-20T16:20:10.045254,P0394-J0341-Ajami-Batch2,P0394-J0341-Ajami-batch2.csv,,Hausa|Arabic,,Herskovits Library of African Studies,None,,2023-02-02T15:02:37.544445Z,"{'note': 'Condition: Damp-stained, worn at edges.', 'type': 'Local Note'}|{'note': 'Hausa', 'type': 'Language Note'}",2 leaves.,16.5 x 23 cm,Level 1,"{'cycle': '2021', 'desc': None, 'manager': 'Dan Zellner', 'name': 'Ajami Batch 2', 'proposer': 'Esmeralda Kale', 'task_number': 'J0341'}",,True,,"For an English translation, See Hiskett, Mervyn. Development of Islam in West Africa, London. 1984, pages 269-271",Research Guide,https://iiif.dc.library.northwestern.edu/iiif/2/e0a3b865-3571-4723-bffd-b401428102e8,,Copyright Undetermined,,Arabic Manuscripts from West Africa -- The ‘Umar Falke Collection,,Done,,"Politics: colonialism, British|سياسة: إستعمار بريطني",,,"The images on this web site are from material in the collections of the Melville J. Herskovits Library of African Studies at Northwestern University Libraries, are provided for use by its students, faculty and staff, and by other researchers visiting this site, for research consultation and scholarly purposes only. Further distribution and/or any commercial use of the images from this site is not permitted.",https://api.dc.library.northwestern.edu/api/v2/works/42f6150b-4b1b-4505-8aaf-613e7e8d7420/thumbnail,"""واقر النصاري""/ بسم الله نانف ذان واكا بسا مكيا محمد النصارا",Public,Image
,falke_2729,,https://api.dc.library.northwestern.edu/api/v2/works/61b6a8de-abbf-4db0-a675-18a7e2f9cf7e,Work,ark:/81985/n24x56h1h,639574e9-efa0-4759-ab8c-07f317684dbe|bc2418ee-ab35-447a-bcde-80952064cd67|dbe54e2a-cfda-4f01-ba67-f25b953adbc6,,,https://dc.library.northwestern.edu/items/61b6a8de-abbf-4db0-a675-18a7e2f9cf7e,,9972399174202441,Arabic Manuscripts from West Africa,"`Abd al-Wahhab Adam al-Falaki|عبد الوهاب ادم الفلاكي|Falke, ʻUmar, 1893-1962",2021-03-25T23:00:13.315945Z,,4b607094-9291-4828-9c74-02a236d7fa49,,1900s,Author's nisba: Falaki|تنظيم من كتاب الفتح الرباني في ادآب المريد التجاني|Hausa poem on the appointment of emirs during colonial period.|النسبة: فلاكي,p.1|p.2,,,Verse: kasida|نظم: قصيدة‎|manuscripts (documents),61b6a8de-abbf-4db0-a675-18a7e2f9cf7e,West African Arabic Manuscript Project 5636 (Kano)|Falke 2729,https://api.dc.library.northwestern.edu/api/v2/works/61b6a8de-abbf-4db0-a675-18a7e2f9cf7e?as=iiif,2023-02-20T16:20:10.208660,P0394-J0341-Ajami-Batch2,P0394-J0341-Ajami-batch2.csv,,Hausa|Arabic,,Herskovits Library of African Studies,None,,2023-02-02T15:02:37.544445Z,"{'note': 'Condition: Exercise book paper folded in the middle. Partially vocalized.', 'type': 'Local Note'}|{'note': 'Hausa', 'type': 'Language Note'}",1 leaf.,17 x 22 cm,Level 1,"{'cycle': '2021', 'desc': None, 'manager': 'Dan Zellner', 'name': 'Ajami Batch 2', 'proposer': 'Esmeralda Kale', 'task_number': 'J0341'}",,True,,,Research Guide,https://iiif.dc.library.northwestern.edu/iiif/2/480361ba-b9a8-49c4-9d28-21b4aab70f07,,Copyright Undetermined,,Arabic Manuscripts from West Africa -- The ‘Umar Falke Collection,,Done,,Literature: eulogy: Emir of Kano Abdallahi|مدح: امير كنو عبد الله,,,"The images on this web site are from material in the collections of the Melville J. Herskovits Library of African Studies at Northwestern University Libraries, are provided for use by its students, faculty and staff, and by other researchers visiting this site, for research consultation and scholarly purposes only. Further distribution and/or any commercial use of the images from this site is not permitted.",https://api.dc.library.northwestern.edu/api/v2/works/61b6a8de-abbf-4db0-a675-18a7e2f9cf7e/thumbnail,امير كنو اتانا يوم السبت/ سركم عبدالله ياذو السبت يا بر كنو را ن الخم>ي>س با شكا,Public,Image
,falke_1570,,https://api.dc.library.northwestern.edu/api/v2/works/22ed7121-7e34-4f73-ae80-5958ecc5b5d4,Work,ark:/81985/n2nz82q44,639574e9-efa0-4759-ab8c-07f317684dbe|bc2418ee-ab35-447a-bcde-80952064cd67|dbe54e2a-cfda-4f01-ba67-f25b953adbc6,,,https://dc.library.northwestern.edu/items/22ed7121-7e34-4f73-ae80-5958ecc5b5d4,,9972386834202441,Arabic Manuscripts from West Africa,"Falke, ʻUmar, 1893-1962",2021-03-25T23:00:12.123283Z,,4b607094-9291-4828-9c74-02a236d7fa49,,1900s,On changing times and decline in ethical values with particular reference to truthfulness.,p.1|p.2,,,Verse: kasida|نظم: قصيدة‎|manuscripts (documents),22ed7121-7e34-4f73-ae80-5958ecc5b5d4,West African Arabic Manuscript Project 4402 (Kano)|Falke 1570,https://api.dc.library.northwestern.edu/api/v2/works/22ed7121-7e34-4f73-ae80-5958ecc5b5d4?as=iiif,2023-02-20T16:20:11.671433,P0394-J0341-Ajami-Batch2,P0394-J0341-Ajami-batch2.csv,,Hausa|Arabic,,Herskovits Library of African Studies,None,,2023-02-02T15:02:37.544445Z,"{'note': 'Condition: Damp-stained, frayed and worn at edges. Manuscript incomplete. No end.', 'type': 'Local Note'}|{'note': 'Hausa', 'type': 'Language Note'}",1 leaf.,18 x 24 cm,Level 1,"{'cycle': '2021', 'desc': None, 'manager': 'Dan Zellner', 'name': 'Ajami Batch 2', 'proposer': 'Esmeralda Kale', 'task_number': 'J0341'}",,True,,,Research Guide,https://iiif.dc.library.northwestern.edu/iiif/2/d963ecc2-35c7-4baa-afdc-f1e4a4c32ae1,,Copyright Undetermined,,Arabic Manuscripts from West Africa -- The ‘Umar Falke Collection,,Done,,Ethics: guidance|أخلاق: إرشاد‎,,,"The images on this web site are from material in the collections of the Melville J. Herskovits Library of African Studies at Northwestern University Libraries, are provided for use by its students, faculty and staff, and by other researchers visiting this site, for research consultation and scholarly purposes only. Further distribution and/or any commercial use of the images from this site is not permitted.",https://api.dc.library.northwestern.edu/api/v2/works/22ed7121-7e34-4f73-ae80-5958ecc5b5d4/thumbnail,حالن ظامني/ يا ربنا يا ربنا يا واحد الله تبارك جل سركي شي طيا,Public,Image
,9972377314202441,,https://api.dc.library.northwestern.edu/api/v2/works/da223125-1c5c-455e-ab2f-16e5d383c89a,Work,ark:/81985/n2rr1rm9p,dbe54e2a-cfda-4f01-ba67-f25b953adbc6,,,https://dc.library.northwestern.edu/items/da223125-1c5c-455e-ab2f-16e5d383c89a,,9972377314202441,Arabic Manuscripts from West Africa,"`Isa Kano|عيسي كنو|Lawan Qala al-Rawi|لون قال الراوي|Falke, ʻUmar, 1893-1962",2021-03-26T02:15:40.443533Z,,,,1900s,"On the ""hukm"" of the naming ceremony of author's new-born baby boy in the light of his dire poverty [a diplomatic form of beggary] and whether it is allowed to pray behind one who practices ""qabd"" [holding hands to the chest during prayers].|Condition: Text vocalised.",recto|verso,,,manuscripts (documents)|letters (correspondence)|Prose: letter|نثر: رسالة ,da223125-1c5c-455e-ab2f-16e5d383c89a,Falke 0718|West African Arabic Manuscript Project 3450 (Kano),https://api.dc.library.northwestern.edu/api/v2/works/da223125-1c5c-455e-ab2f-16e5d383c89a?as=iiif,2023-02-21T16:39:00.143155,None,None,,Hausa|Arabic,,Herskovits Library of African Studies,None,,2023-02-21T16:38:26.119855Z,"{'note': 'Language: Hausa/Arabic', 'type': 'Language Note'}",1 leaf,12 x 18 cm,Level 1,"{'cycle': None, 'desc': None, 'manager': 'Dan Zellner', 'name': 'Ajami Sample', 'proposer': 'Esmeralda Kale', 'task_number': 'J0302'}",,True,,,Research Guide,https://iiif.dc.library.northwestern.edu/iiif/2/c43c1d0d-49a0-4a41-89b8-6871eacf2aef,,Copyright Undetermined,,Arabic Manuscripts from West Africa -- The ‘Umar Falke Collection,,Done,,Social matters|مجتمعية ,,,"The images on this web site are from material in the collections of the Melville J. Herskovits Library of African Studies at Northwestern University Libraries, are provided for use by its students, faculty and staff, and by other researchers visiting this site, for research consultation and scholarly purposes only. Further distribution and/or any commercial use of the images from this site is not permitted.",https://api.dc.library.northwestern.edu/api/v2/works/da223125-1c5c-455e-ab2f-16e5d383c89a/thumbnail,رسالة الي مالم لون الملقب بقال الراوي,Public,Image
,P0455_FOUR_9972377824202441,,https://api.dc.library.northwestern.edu/api/v2/works/0dc61217-5f96-4957-9b03-7314082d6778,Work,ark:/81985/n25t3jt73,17df7e6e-01f1-4f0b-9dd2-22bea7752d82,,,https://dc.library.northwestern.edu/items/0dc61217-5f96-4957-9b03-7314082d6778,,9972377824202441,Arabic Manuscripts from West Africa,"Falke, ʻUmar, 1893-1962",2023-02-08T15:26:33.678743Z,,,,,"Mohammed, A. [1978] attributes work to al-Hajj `Umar Falke b. Abi Bakr al-Ramadan al-Kanawi. |Folio 1a contains some ""abyat"" [occasional verses] beginning with ""Fahaka lubb al-Ghazali ya akhi durara.""",p. 1 recto|p. 1 verso|p. 2 recto|p. 2 verso,,,manuscripts (documents)|Prose: fragment|نثر: قطعة‎,0dc61217-5f96-4957-9b03-7314082d6778,Falke 0765|West African Arabic Manuscript Project 3501 (Kano),https://api.dc.library.northwestern.edu/api/v2/works/0dc61217-5f96-4957-9b03-7314082d6778?as=iiif,2023-02-21T16:53:20.797625,P0455	Four Arabic Manuscripts Collections,P0455 Four Arabic Manuscripts Collection - Falke 0765.csv,,Arabic,,Herskovits Library of African Studies,None,,2023-02-21T16:51:53.960359Z,"{'note': 'Condition: Paper rubricated and slightly worn at edges.', 'type': 'Local Note'}|{'note': 'Part of the Maktaba grant project ', 'type': 'Local Note'}",2 leaves,17 x 21.5 cm,Level 1,"{'cycle': '2023', 'desc': None, 'manager': 'Nicole Finzer', 'name': 'Four Arabic Manuscripts Collections', 'proposer': 'Esmeralda Kale', 'task_number': 'P0455'}",,True,,,Research Guide,https://iiif.dc.library.northwestern.edu/iiif/2/e68a0a61-7a89-4da2-b161-4d10aeee3d19,,Copyright Undetermined,,Arabic Manuscripts from West Africa--The ‘Umar Falke Collection,,Done,,Esoteric sciences: miscellanea|باطنيات: فواعد,,,"The images on this web site are from material in the collections of the Melville J. Herskovits Library of African Studies at Northwestern University Libraries, are provided for use by its students, faculty and staff, and by other researchers visiting this site, for research consultation and scholarly purposes only. Further distribution and/or any commercial use of the images from this site is not permitted.",https://api.dc.library.northwestern.edu/api/v2/works/0dc61217-5f96-4957-9b03-7314082d6778/thumbnail,سر من اسرار الله تعالي,Public,Image
,9972413464202441,,https://api.dc.library.northwestern.edu/api/v2/works/8a0a7c4a-95d1-4dfc-b6ac-b43a8f93a708,Work,ark:/81985/n2js9k777,2f0e3f42-0200-47ac-b546-c01789ff63d2|957ed362-f45f-4a29-a9dd-bb9310284caa|c32f63c8-0fcf-4de6-bfd3-ec09f4d63af3|dbe54e2a-cfda-4f01-ba67-f25b953adbc6|de704dc1-46f8-4725-952d-a134a317e2a7,,,https://dc.library.northwestern.edu/items/8a0a7c4a-95d1-4dfc-b6ac-b43a8f93a708,,9972413464202441,Arabic Manuscripts from West Africa,"Ahmad al-Tijani Tukur al-Kanawi|أحمد التجاني التكرور الكنوي|Oluseyi Press|Abu Bakr Mas`ud|ابو بكر مسعود|Paden, John N.",2021-03-24T19:50:22.895421Z,,4b607094-9291-4828-9c74-02a236d7fa49,,1963,"Author's nisba: Kanawi|A Hausa poem discussing the unpredictability of human nature. Title page contain some verses attributed to Imam Muhammad b. Idris al-Shafi`i [d.204/820] on the same subject.|Sudani hand, fully vocalised. Title page has picture of author.|النسبة: كنوي|Copied at: Kano",front cover|inside front cover|title page|page 1|page 2|page 3|page 4|page 5|page 6|page 7|inside back cover|back cover,,,Verse: kasida|نظم: قصيدة‎|manuscripts (documents),8a0a7c4a-95d1-4dfc-b6ac-b43a8f93a708,West African Arabic Manuscript Project 2105 (Kano)|Paden 047,https://api.dc.library.northwestern.edu/api/v2/works/8a0a7c4a-95d1-4dfc-b6ac-b43a8f93a708?as=iiif,2023-02-20T16:15:28.717936,P0394-J0329-Ajami-Batch1,P0394-J0329-Ajami-batch1-ingest.csv,,Hausa|Arabic,,Herskovits Library of African Studies,None,,2023-02-02T15:02:37.670796Z,"{'note': 'Condition: Lithographed copy.', 'type': 'Local Note'}|{'note': 'Hausa', 'type': 'Language Note'}",8 pages.,18 x 25.5 cm,Level 1,"{'cycle': '2021', 'desc': '""Digitization for grant project. The first batch consists of the following manuscripts: Falke 1284 Hunwick 95, Hunwick 130, Hunwick 340, Paden 047, Paden 438""', 'manager': 'Dan Zellner', 'name': 'Ajami Batch 1', 'proposer': 'Esmeralda Kale', 'task_number': 'J0329'}",,True,,,Research Guide,https://iiif.dc.library.northwestern.edu/iiif/2/9ac37212-e4c5-4410-96ff-7620d4359817,,Copyright Undetermined,,Arabic Manuscripts from West Africa -- The John Paden Collection,,Done,,Ethics: gnomica|أخلاق: حكم,,,"The images on this web site are from material in the collections of the Melville J. Herskovits Library of African Studies at Northwestern University Libraries, are provided for use by its students, faculty and staff, and by other researchers visiting this site, for research consultation and scholarly purposes only. Further distribution and/or any commercial use of the images from this site is not permitted.",https://api.dc.library.northwestern.edu/api/v2/works/8a0a7c4a-95d1-4dfc-b6ac-b43a8f93a708/thumbnail,متم ثوتاني مرر ماغني باع غننتا غراش / جمع كسوراري ن غوت تنبي شنوا يغاني من حلنس متاني,Public,Image
,9972411124202441,,https://api.dc.library.northwestern.edu/api/v2/works/b5ac1e24-af33-47a3-b585-1f23c6eef72a,Work,ark:/81985/n2t729g1g,2f0e3f42-0200-47ac-b546-c01789ff63d2|64379b44-548c-4ea6-b79d-9548a4bad73b|957ed362-f45f-4a29-a9dd-bb9310284caa|c32f63c8-0fcf-4de6-bfd3-ec09f4d63af3|dbe54e2a-cfda-4f01-ba67-f25b953adbc6|de704dc1-46f8-4725-952d-a134a317e2a7,,,https://dc.library.northwestern.edu/items/b5ac1e24-af33-47a3-b585-1f23c6eef72a,,9972411124202441,Arabic Manuscripts from West Africa,"Asma' bint `Uthman b. Muhammad Fudi|اسماء بنت عثمان بن محمد فودي بن عثمان|Ma'aikatar Tarikha|Hunwick, John O.",2021-03-24T19:50:19.241692Z,,4b607094-9291-4828-9c74-02a236d7fa49,,1900s,"Author known as: Nana Asma'u|Contains five poems.|Printed by Shina Commercial Press, Zaria.|اسم الشهرة: نانا اسماء",front cover|inside front cover|blank page|page 1|page 2|page 3|page 4|page 5|page 6|page 7|page 8|page 9|page 10|page 11|page 12|page 13|page 14|page 15|page 16|page 17|page 18|page 19|page 20|page 21|page 22|page 23|page 24|page 25|page 26|page 27|page 28|page 29|page 30|page 31|page 32|page 33|blank page|blank page|inside back cover|back cover,,,Verse: anthology|نظم: مختارات|manuscripts (documents),b5ac1e24-af33-47a3-b585-1f23c6eef72a,West African Arabic Manuscript Project 6080 (Kano)|Hunwick 95,https://api.dc.library.northwestern.edu/api/v2/works/b5ac1e24-af33-47a3-b585-1f23c6eef72a?as=iiif,2023-02-20T16:15:43.869770,P0394-J0329-Ajami-Batch1,P0394-J0329-Ajami-batch1-ingest.csv,,Hausa|Arabic,,Herskovits Library of African Studies,None,,2023-02-02T15:02:37.670796Z,"{'note': 'Condition: Fully vocalized. Offset Manuscript', 'type': 'Local Note'}|{'note': 'Hausa', 'type': 'Language Note'}",33 pages.,17 x 21 cm,Level 1,"{'cycle': '2021', 'desc': '""Digitization for grant project. The first batch consists of the following manuscripts: Falke 1284 Hunwick 95, Hunwick 130, Hunwick 340, Paden 047, Paden 438""', 'manager': 'Dan Zellner', 'name': 'Ajami Batch 1', 'proposer': 'Esmeralda Kale', 'task_number': 'J0329'}",,True,,,Research Guide,https://iiif.dc.library.northwestern.edu/iiif/2/71c98d0c-1f7b-44ee-9161-88b8b562d5ae,,Copyright Undetermined,,Arabic Manuscripts from West Africa--The John Hunwick Collection,,Done,,Belief: exhortation|عقيدة: وعظ,,,"The images on this web site are from material in the collections of the Melville J. Herskovits Library of African Studies at Northwestern University Libraries, are provided for use by its students, faculty and staff, and by other researchers visiting this site, for research consultation and scholarly purposes only. Further distribution and/or any commercial use of the images from this site is not permitted.",https://api.dc.library.northwestern.edu/api/v2/works/b5ac1e24-af33-47a3-b585-1f23c6eef72a/thumbnail,واقر نانا طير شيخ عثمان,Public,Image
,falke_2092,,https://api.dc.library.northwestern.edu/api/v2/works/6e2bd01f-debc-4be8-bdc3-65822d75f4b8,Work,ark:/81985/n28p5x958,639574e9-efa0-4759-ab8c-07f317684dbe|bc2418ee-ab35-447a-bcde-80952064cd67|dbe54e2a-cfda-4f01-ba67-f25b953adbc6,,,https://dc.library.northwestern.edu/items/6e2bd01f-debc-4be8-bdc3-65822d75f4b8,,9972392364202441,Arabic Manuscripts from West Africa,"Falke, ʻUmar, 1893-1962",2021-03-25T23:00:13.060759Z,,4b607094-9291-4828-9c74-02a236d7fa49,,1900s,Account of a journey from Kano to Makka for the purposes of Hajj [Pilgrimage].,p.1|p.2,,,Verse: kasida|نظم: قصيدة‎|manuscripts (documents),6e2bd01f-debc-4be8-bdc3-65822d75f4b8,West African Arabic Manuscript Project 4955 (Kano)|Falke 2092,https://api.dc.library.northwestern.edu/api/v2/works/6e2bd01f-debc-4be8-bdc3-65822d75f4b8?as=iiif,2023-02-20T16:20:10.211014,P0394-J0341-Ajami-Batch2,P0394-J0341-Ajami-batch2.csv,,Hausa|Arabic,,Herskovits Library of African Studies,None,,2023-02-02T15:02:37.670796Z,"{'note': 'Condition: Paper frayed and torn at edges. Manuscript incomplete. No end.', 'type': 'Local Note'}|{'note': 'Hausa', 'type': 'Language Note'}",1 leaf.,18 x 23.5 cm,Level 1,"{'cycle': '2021', 'desc': None, 'manager': 'Dan Zellner', 'name': 'Ajami Batch 2', 'proposer': 'Esmeralda Kale', 'task_number': 'J0341'}",,True,,,Research Guide,https://iiif.dc.library.northwestern.edu/iiif/2/01d62fd8-b22c-411b-8301-ae651a6c667f,,Copyright Undetermined,,Arabic Manuscripts from West Africa -- The ‘Umar Falke Collection,,Done,,Literature: rihla/travel|أدب: رحلات,,,"The images on this web site are from material in the collections of the Melville J. Herskovits Library of African Studies at Northwestern University Libraries, are provided for use by its students, faculty and staff, and by other researchers visiting this site, for research consultation and scholarly purposes only. Further distribution and/or any commercial use of the images from this site is not permitted.",https://api.dc.library.northwestern.edu/api/v2/works/6e2bd01f-debc-4be8-bdc3-65822d75f4b8/thumbnail,"""رحلة""/ ابدات شعرا قصيرا في مسافتنا دمنكتاش كنو نيرم ذام مكا",Public,Image
,falke_1041.1,,https://api.dc.library.northwestern.edu/api/v2/works/c605ae1a-a687-4242-a92b-3f0149e7d8f8,Work,ark:/81985/n25x27d1r,639574e9-efa0-4759-ab8c-07f317684dbe|bc2418ee-ab35-447a-bcde-80952064cd67|dbe54e2a-cfda-4f01-ba67-f25b953adbc6,,,https://dc.library.northwestern.edu/items/c605ae1a-a687-4242-a92b-3f0149e7d8f8,,9972380804202441,Arabic Manuscripts from West Africa,"Usuman dan Fodio, 1754-1817|Falke, ʻUmar, 1893-1962",2021-03-25T23:00:10.565936Z,,4b607094-9291-4828-9c74-02a236d7fa49,,1900s,Author's nisba: Fudi|Author known as: Dan Fodio|Author d. 1232/1817.|النسبة: فودي;اسم الشهرة: ابن فودي,p.1|p.2|p.3|p.4|p.5|p.6,,,Verse: kasida|نظم: قصيدة‎|manuscripts (documents),c605ae1a-a687-4242-a92b-3f0149e7d8f8,West African Arabic Manuscript Project 3799 (Kano)|Falke 1041.1,https://api.dc.library.northwestern.edu/api/v2/works/c605ae1a-a687-4242-a92b-3f0149e7d8f8?as=iiif,2023-02-20T16:20:10.216773,P0394-J0341-Ajami-Batch2,P0394-J0341-Ajami-batch2.csv,,Hausa|Arabic,,Herskovits Library of African Studies,None,,2023-02-02T15:02:37.670796Z,"{'note': 'Condition: Browned and slightly worn at edges. Vocalised.', 'type': 'Local Note'}|{'note': 'Hausa. Interlinear glosses in Arabic.', 'type': 'Language Note'}",3 leaves.,17 x 23.5 cm,Level 1,"{'cycle': '2021', 'desc': None, 'manager': 'Dan Zellner', 'name': 'Ajami Batch 2', 'proposer': 'Esmeralda Kale', 'task_number': 'J0341'}",,True,,,Research Guide,https://iiif.dc.library.northwestern.edu/iiif/2/8e3f152a-5740-4a0d-95e1-992126db6d83,,Copyright Undetermined,,Arabic Manuscripts from West Africa -- The ‘Umar Falke Collection,,Done,,Reform: renewal|تغيير المنكر: تجديد,,,"The images on this web site are from material in the collections of the Melville J. Herskovits Library of African Studies at Northwestern University Libraries, are provided for use by its students, faculty and staff, and by other researchers visiting this site, for research consultation and scholarly purposes only. Further distribution and/or any commercial use of the images from this site is not permitted.",https://api.dc.library.northwestern.edu/api/v2/works/c605ae1a-a687-4242-a92b-3f0149e7d8f8/thumbnail,تبت حقيقا/ غود الله مي سروتا حقيقا وند يا ئيم كواو تبت حقيقا,Public,Image
,falke_0199,,https://api.dc.library.northwestern.edu/api/v2/works/d6a0976a-cf16-4c87-9698-d85aa5bd3f3b,Work,ark:/81985/n2pz53m7t,639574e9-efa0-4759-ab8c-07f317684dbe|bc2418ee-ab35-447a-bcde-80952064cd67|dbe54e2a-cfda-4f01-ba67-f25b953adbc6,,,https://dc.library.northwestern.edu/items/d6a0976a-cf16-4c87-9698-d85aa5bd3f3b,,9972371194202441,Arabic Manuscripts from West Africa,"Falke, ʻUmar, 1893-1962",2021-03-25T23:00:08.420850Z,,4b607094-9291-4828-9c74-02a236d7fa49,,1978,"A Hausa poem, ""Gargadin Wawa"" [Admonishing the Foolhardy], which Mohammed, A. [1978] attributes to Na Maiganji Dambatta.",p.1|p.2|p.3|p.4|p.5|p.6|p.7|p.8|p.9|p.10|p.11|p.12|p.13|p.14,,,Verse: kasida|نظم: قصيدة‎|manuscripts (documents),d6a0976a-cf16-4c87-9698-d85aa5bd3f3b,West African Arabic Manuscript Project 2838 (Kano)|Falke 0199,https://api.dc.library.northwestern.edu/api/v2/works/d6a0976a-cf16-4c87-9698-d85aa5bd3f3b?as=iiif,2023-02-20T16:20:11.680734,P0394-J0341-Ajami-Batch2,P0394-J0341-Ajami-batch2.csv,,Hausa|Arabic,,Herskovits Library of African Studies,None,,2023-02-02T15:02:37.773622Z,"{'note': 'Condition: Vocalised and rubricated. Text only partly legible. Manuscript incomplete. No end.', 'type': 'Local Note'}|{'note': 'Hausa', 'type': 'Language Note'}",7 leaves.,17 x 23.5 cm,Level 1,"{'cycle': '2021', 'desc': None, 'manager': 'Dan Zellner', 'name': 'Ajami Batch 2', 'proposer': 'Esmeralda Kale', 'task_number': 'J0341'}",,True,,,Research Guide,https://iiif.dc.library.northwestern.edu/iiif/2/47362caa-f46b-44a5-b595-849a39547dc1,,Copyright Undetermined,,Arabic Manuscripts from West Africa -- The ‘Umar Falke Collection,,Done,,Ethics: guidance|أخلاق: إرشاد‎,,,"The images on this web site are from material in the collections of the Melville J. Herskovits Library of African Studies at Northwestern University Libraries, are provided for use by its students, faculty and staff, and by other researchers visiting this site, for research consultation and scholarly purposes only. Further distribution and/or any commercial use of the images from this site is not permitted.",https://api.dc.library.northwestern.edu/api/v2/works/d6a0976a-cf16-4c87-9698-d85aa5bd3f3b/thumbnail,غرغطن واوا,Public,Image
,falke_0877,,https://api.dc.library.northwestern.edu/api/v2/works/f80de15d-f3e6-4d29-b26c-f0a81d9e02f3,Work,ark:/81985/n29p2z63j,639574e9-efa0-4759-ab8c-07f317684dbe|bc2418ee-ab35-447a-bcde-80952064cd67|dbe54e2a-cfda-4f01-ba67-f25b953adbc6,,,https://dc.library.northwestern.edu/items/f80de15d-f3e6-4d29-b26c-f0a81d9e02f3,,9972379054202441,Arabic Manuscripts from West Africa,"Falke, ʻUmar, 1893-1962",2021-03-25T23:00:10.122126Z,,4b607094-9291-4828-9c74-02a236d7fa49,,1900s,"An admonitory Hausa poem on strengthening social relationships [between relatives, neighbours and the whole society].",front cover|p.1|p.2|p.3|p.4|p.5|p.6|back cover,,,Verse: ode|نظم: قصيدة|manuscripts (documents),f80de15d-f3e6-4d29-b26c-f0a81d9e02f3,West African Arabic Manuscript Project 3624 (Kano)|Falke 0877,https://api.dc.library.northwestern.edu/api/v2/works/f80de15d-f3e6-4d29-b26c-f0a81d9e02f3?as=iiif,2023-02-20T16:20:11.687051,P0394-J0341-Ajami-Batch2,P0394-J0341-Ajami-batch2.csv,,Hausa|Arabic,,Herskovits Library of African Studies,None,,2023-02-02T15:02:37.773622Z,"{'note': 'Condition: Vocalised and slightly worn at edges.', 'type': 'Local Note'}|{'note': 'Hausa', 'type': 'Language Note'}",4 leaves.,19 x 23.5 cm,Level 1,"{'cycle': '2021', 'desc': None, 'manager': 'Dan Zellner', 'name': 'Ajami Batch 2', 'proposer': 'Esmeralda Kale', 'task_number': 'J0341'}",,True,,,Research Guide,https://iiif.dc.library.northwestern.edu/iiif/2/962bcbbc-eca1-46d0-80a0-883b3a0871b1,,Copyright Undetermined,,Arabic Manuscripts from West Africa -- The ‘Umar Falke Collection,,Done,,Ethics: guidance|أخلاق: إرشاد‎,,,"The images on this web site are from material in the collections of the Melville J. Herskovits Library of African Studies at Northwestern University Libraries, are provided for use by its students, faculty and staff, and by other researchers visiting this site, for research consultation and scholarly purposes only. Further distribution and/or any commercial use of the images from this site is not permitted.",https://api.dc.library.northwestern.edu/api/v2/works/f80de15d-f3e6-4d29-b26c-f0a81d9e02f3/thumbnail,قصيدة حوسية/ نا روق الله تيمكو دموافقا ذنشريواقاتا غذنثن ين عوا,Public,Image
,9972407524202441,,https://api.dc.library.northwestern.edu/api/v2/works/cedd089f-68cb-40d8-a93c-10315492cf54,Work,ark:/81985/n2z031844,2f0e3f42-0200-47ac-b546-c01789ff63d2|64379b44-548c-4ea6-b79d-9548a4bad73b|957ed362-f45f-4a29-a9dd-bb9310284caa|c32f63c8-0fcf-4de6-bfd3-ec09f4d63af3|dbe54e2a-cfda-4f01-ba67-f25b953adbc6|de704dc1-46f8-4725-952d-a134a317e2a7,,,https://dc.library.northwestern.edu/items/cedd089f-68cb-40d8-a93c-10315492cf54,,9972407524202441,Arabic Manuscripts from West Africa,"Ibrahim al-Mu'azzam Muhammad al-Thamin|إبراهيم المعظم محمد ثامن|Sa'id Harun|سعيد هارون|Hunwick, John O.",2021-03-24T19:50:17.761873Z,,4b607094-9291-4828-9c74-02a236d7fa49,,1900s,Author known as: Mai Bushira|Printed in Kano by Nur al-Islam Press. Introduction to Islamic etiquette for school children. Endorsement by al-Hajj 'Umar Ta'anbu 'Abd Allah at page 27. Name of the author is spelled as Ibrahim al-Mu'azzam Muhammad al-Sadis at page 26 and 27.|اسم الشهرة: مي بشرا,front cover|inside front cover|title page|page 1|page 2|page 3|page 4|page 5|page 6|page 7|page 8|page 9|page 10|page 11|page 12|page 13|page 14|page 15|page 16|page 17|page 18|page 19|page 20|page 21|page 22|page 23|page 24|page 25|page 26|page 27|page 28|page 29 (blank)|page 30 (blank)|page 31|inside back cover|back cover,,,Prose|نثر|manuscripts (documents),cedd089f-68cb-40d8-a93c-10315492cf54,West African Arabic Manuscript Project 21101 (Kano)|Hunwick 340,https://api.dc.library.northwestern.edu/api/v2/works/cedd089f-68cb-40d8-a93c-10315492cf54?as=iiif,2023-02-20T16:16:01.319313,P0394-J0329-Ajami-Batch1,P0394-J0329-Ajami-batch1-ingest.csv,,Hausa|Arabic,,Herskovits Library of African Studies,None,,2023-02-02T15:02:37.084137Z,"{'note': 'Condition: very good', 'type': 'Local Note'}|{'note': 'Hausa: sudani', 'type': 'Language Note'}",27 pages.,,Level 1,"{'cycle': '2021', 'desc': '""Digitization for grant project. The first batch consists of the following manuscripts: Falke 1284 Hunwick 95, Hunwick 130, Hunwick 340, Paden 047, Paden 438""', 'manager': 'Dan Zellner', 'name': 'Ajami Batch 1', 'proposer': 'Esmeralda Kale', 'task_number': 'J0329'}",,True,,,Research Guide,https://iiif.dc.library.northwestern.edu/iiif/2/19608b7d-ef10-4ae1-9c2d-d396bb4b9f5c,,Copyright Undetermined,,Arabic Manuscripts from West Africa--The John Hunwick Collection,,Done,,Ethics: comportment|أخلاق: سلوك,,,"The images on this web site are from material in the collections of the Melville J. Herskovits Library of African Studies at Northwestern University Libraries, are provided for use by its students, faculty and staff, and by other researchers visiting this site, for research consultation and scholarly purposes only. Further distribution and/or any commercial use of the images from this site is not permitted.",https://api.dc.library.northwestern.edu/api/v2/works/cedd089f-68cb-40d8-a93c-10315492cf54/thumbnail,ءاداب الإسلام للمدارس الإسلامية,Public,Image
,falke_0666,,https://api.dc.library.northwestern.edu/api/v2/works/0515cfd6-7d4a-4069-bcf3-21020c4f09b2,Work,ark:/81985/n2k64ct11,639574e9-efa0-4759-ab8c-07f317684dbe|bc2418ee-ab35-447a-bcde-80952064cd67|dbe54e2a-cfda-4f01-ba67-f25b953adbc6,,,https://dc.library.northwestern.edu/items/0515cfd6-7d4a-4069-bcf3-21020c4f09b2,,9972376764202441,Arabic Manuscripts from West Africa,"Falke, ʻUmar, 1893-1962",2021-03-25T23:00:09.487342Z,,4b607094-9291-4828-9c74-02a236d7fa49,,1900s,On medicinal herbs and other remedies as well as their substitutes.,"p.1|p.2, red ink on p.|p.3|p.4",,,Prose: fragment|نثر: قطعة‎|manuscripts (documents),0515cfd6-7d4a-4069-bcf3-21020c4f09b2,West African Arabic Manuscript Project 3395 (Kano)|Falke 0666,https://api.dc.library.northwestern.edu/api/v2/works/0515cfd6-7d4a-4069-bcf3-21020c4f09b2?as=iiif,2023-02-20T16:20:10.200695,P0394-J0341-Ajami-Batch2,P0394-J0341-Ajami-batch2.csv,,Hausa|Arabic,,Herskovits Library of African Studies,None,,2023-02-02T15:02:37.084137Z,"{'note': 'Condition: Paper damp-stained and worn at edges. Vocalised. Manuscript incomplete. No beginning and end.', 'type': 'Local Note'}|{'note': 'Marginal and interlinear glosses in Arabic and Hausa.', 'type': 'Language Note'}",2 leaves.,18.5 x 24.5 cm,Level 1,"{'cycle': '2021', 'desc': None, 'manager': 'Dan Zellner', 'name': 'Ajami Batch 2', 'proposer': 'Esmeralda Kale', 'task_number': 'J0341'}",,True,,,Research Guide,https://iiif.dc.library.northwestern.edu/iiif/2/7011776a-a308-458d-95fe-1399eb34e402,,Copyright Undetermined,,Arabic Manuscripts from West Africa -- The ‘Umar Falke Collection,,Done,,Medicine: drugs|طب: عقاقير‎,,,"The images on this web site are from material in the collections of the Melville J. Herskovits Library of African Studies at Northwestern University Libraries, are provided for use by its students, faculty and staff, and by other researchers visiting this site, for research consultation and scholarly purposes only. Further distribution and/or any commercial use of the images from this site is not permitted.",https://api.dc.library.northwestern.edu/api/v2/works/0515cfd6-7d4a-4069-bcf3-21020c4f09b2/thumbnail,"""علم الطب""",Public,Image
,falke_1573,,https://api.dc.library.northwestern.edu/api/v2/works/f1cc0e91-a20a-435f-8bfb-de42e24b8c95,Work,ark:/81985/n2j67bx09,639574e9-efa0-4759-ab8c-07f317684dbe|bc2418ee-ab35-447a-bcde-80952064cd67|dbe54e2a-cfda-4f01-ba67-f25b953adbc6,,,https://dc.library.northwestern.edu/items/f1cc0e91-a20a-435f-8bfb-de42e24b8c95,,9972386864202441,Arabic Manuscripts from West Africa,"Falke, ʻUmar, 1893-1962",2021-03-25T23:00:12.346645Z,,4b607094-9291-4828-9c74-02a236d7fa49,,1900s,"On adultery [zina] and the characteristics of those who engage in it.|Watermark, Andrea Galvani Pordenone.",p.1|p.2,,,Verse: kasida|نظم: قصيدة‎|manuscripts (documents),f1cc0e91-a20a-435f-8bfb-de42e24b8c95,West African Arabic Manuscript Project 4405 (Kano)|Falke 1573,https://api.dc.library.northwestern.edu/api/v2/works/f1cc0e91-a20a-435f-8bfb-de42e24b8c95?as=iiif,2023-02-20T16:20:10.224779,P0394-J0341-Ajami-Batch2,P0394-J0341-Ajami-batch2.csv,,Hausa|Arabic,,Herskovits Library of African Studies,None,,2023-02-02T15:02:37.084137Z,"{'note': 'Condition: Damp-stained, worn at edges. Vocalised. Manuscript inc. No end.', 'type': 'Local Note'}|{'note': 'Hausa', 'type': 'Language Note'}",1 leaf.,16.5 x 23 cm,Level 1,"{'cycle': '2021', 'desc': None, 'manager': 'Dan Zellner', 'name': 'Ajami Batch 2', 'proposer': 'Esmeralda Kale', 'task_number': 'J0341'}",,True,,,Research Guide,https://iiif.dc.library.northwestern.edu/iiif/2/c91a9e9f-7806-41c0-9f6c-136ac9eb1901,,Copyright Undetermined,,Arabic Manuscripts from West Africa -- The ‘Umar Falke Collection,,Done,,Ethics: guidance|أخلاق: إرشاد‎,,,"The images on this web site are from material in the collections of the Melville J. Herskovits Library of African Studies at Northwestern University Libraries, are provided for use by its students, faculty and staff, and by other researchers visiting this site, for research consultation and scholarly purposes only. Further distribution and/or any commercial use of the images from this site is not permitted.",https://api.dc.library.northwestern.edu/api/v2/works/f1cc0e91-a20a-435f-8bfb-de42e24b8c95/thumbnail,"""قصيدة نونية""/ مروك تعالي شبيبثم حيا شفشي معيكن متانن زنا",Public,Image
,falke_1486,,https://api.dc.library.northwestern.edu/api/v2/works/4937f677-a617-4342-93bd-9af9b3d1befe,Work,ark:/81985/n2xg9hb4m,639574e9-efa0-4759-ab8c-07f317684dbe|bc2418ee-ab35-447a-bcde-80952064cd67|dbe54e2a-cfda-4f01-ba67-f25b953adbc6,,,https://dc.library.northwestern.edu/items/4937f677-a617-4342-93bd-9af9b3d1befe,,9972385934202441,Arabic Manuscripts from West Africa,"Hamisu Yadudu Funtua|حامس يادودو فنتوا|Muhammad Dan Gurgu Kano Darma|محمد طن غرغ كنو درما|Falke, ʻUmar, 1893-1962",2021-03-25T23:00:11.342454Z,,4b607094-9291-4828-9c74-02a236d7fa49,,1900s,"A Hausa poem, Wakar Karuwa, censuring prostitution and prostitutes.",Front cover|Inside front cover|p.1|p.2|p.3|p.4|Inside back cover|Back cover,,,Verse: quintrains|manuscripts (documents)|نظم: خماسية,4937f677-a617-4342-93bd-9af9b3d1befe,West African Arabic Manuscript Project 4312 (Kano)|Falke 1486,https://api.dc.library.northwestern.edu/api/v2/works/4937f677-a617-4342-93bd-9af9b3d1befe?as=iiif,2023-02-20T16:20:15.361327,P0394-J0341-Ajami-Batch2,P0394-J0341-Ajami-batch2.csv,,Hausa|Arabic,,Herskovits Library of African Studies,None,,2023-02-02T15:02:37.084137Z,"{'note': 'Condition: Damp-stained, frayed and worn at edges. Vocalised and rubricated.', 'type': 'Local Note'}|{'note': 'Hausa', 'type': 'Language Note'}",4 leaves.,18 x 23.5 cm,Level 1,"{'cycle': '2021', 'desc': None, 'manager': 'Dan Zellner', 'name': 'Ajami Batch 2', 'proposer': 'Esmeralda Kale', 'task_number': 'J0341'}",,True,,,Research Guide,https://iiif.dc.library.northwestern.edu/iiif/2/94667632-3f9d-4deb-aa4c-ac79ddf2feb8,,Copyright Undetermined,,Arabic Manuscripts from West Africa -- The ‘Umar Falke Collection,,Done,,Ethics: guidance|أخلاق: إرشاد‎,,,"The images on this web site are from material in the collections of the Melville J. Herskovits Library of African Studies at Northwestern University Libraries, are provided for use by its students, faculty and staff, and by other researchers visiting this site, for research consultation and scholarly purposes only. Further distribution and/or any commercial use of the images from this site is not permitted.",https://api.dc.library.northwestern.edu/api/v2/works/4937f677-a617-4342-93bd-9af9b3d1befe/thumbnail,واقر كارو عور موغوا/ الله سركي دييم دكا كيافي ذنبنم دن رحمرك,Public,Image
,P0432_ARABIC_9972417094202441,,https://api.dc.library.northwestern.edu/api/v2/works/4044e95f-8cf1-45e0-9c94-87722d9a1b3a,Work,ark:/81985/n2057gm4j,0f9292b0-cd2c-4fca-b9df-9d57482c8680|25e3d363-b678-473e-ae80-c186efa21143|97039857-212a-4c30-94f5-0a7f5f2d74a9|dbe54e2a-cfda-4f01-ba67-f25b953adbc6,,,https://dc.library.northwestern.edu/items/4044e95f-8cf1-45e0-9c94-87722d9a1b3a,,9972417094202441,Arabic Manuscripts from West Africa,"Malik al-Manṣūr, Muḥammad ibn ʻUmar, -1221|Paden, John N.|عيسي فري ابو بكر طن ديب كماشي غانه|`Isa Fari Abu Bakr Dan Dibi, Kumasi Ghana",2023-01-13T22:20:43.968944Z,,,,,"Response to a question put to the author on the meaning and significance of ""al-Islam"", ""al-Iman"" and ""al-Ihsan"".|Author known as: Ibrahim Nyas. Author's nisba: Kawlakhi/Tijani. Author d. 1975.
",recto|verso|recto|verso|recto|verso|recto|verso|recto|verso|recto|verso|recto|verso|recto|verso,,,Prose: response|نثر: جواب,4044e95f-8cf1-45e0-9c94-87722d9a1b3a,Paden 284|West African Arabic Manuscript Project 2421 (Kano),https://api.dc.library.northwestern.edu/api/v2/works/4044e95f-8cf1-45e0-9c94-87722d9a1b3a?as=iiif,2023-02-20T16:42:48.186686,P0432 Four Arabic Manuscripts Collections,P0432 Four Arabic Manuscripts Collections - Paden 284 - INVENTORIED.csv,,Arabic,,Herskovits Library of African Studies,None,,2023-02-02T15:02:37.084137Z,"{'note': 'Condition: Lithographed copy. ', 'type': 'Local Note'}|{'note': ""Name of publication's sponsor and address also in Roman characters on front cover"", 'type': 'Language Note'}|{'note': 'Part of the Maktaba grant project \n', 'type': 'Local Note'}",11 pages,18 x 23 cm,Level 1,"{'cycle': '2023', 'desc': None, 'manager': 'Nicole Finzer', 'name': 'Four Arabic Manuscripts Collections; NEH Grant', 'proposer': 'Esmeralda Kale', 'task_number': 'P0432'}",,True,,,Research Guide,https://iiif.dc.library.northwestern.edu/iiif/2/a2614855-b104-4c87-b455-3ab23d5fc771,,Copyright Undetermined,,Arabic Manuscripts from West Africa--The John Paden Collection,,Done,,Belief: foundations|عقيدة: أصول,,,"The images on this web site are from material in the collections of the Melville J. Herskovits Library of African Studies at Northwestern University Libraries, are provided for use by its students, faculty and staff, and by other researchers visiting this site, for research consultation and scholarly purposes only. Further distribution and/or any commercial use of the images from this site is not permitted.",https://api.dc.library.northwestern.edu/api/v2/works/4044e95f-8cf1-45e0-9c94-87722d9a1b3a/thumbnail,مقامات الدين الثلاثة,Public,Image
,P0455_FOUR_9972382364202441,,https://api.dc.library.northwestern.edu/api/v2/works/d08afcde-0ca1-4de8-bb58-d82419b26ede,Work,ark:/81985/n2251jd8z,dac41e0e-6004-4976-a8b1-0ebf2f0a8f0a,,,https://dc.library.northwestern.edu/items/d08afcde-0ca1-4de8-bb58-d82419b26ede,,9972382364202441,Arabic Manuscripts from West Africa,"Falke, ʻUmar, 1893-1962",2023-02-10T19:47:41.781089Z,,,,,"Collection of ""magic squares"" based on some verses of Qur'an. Last folio contains names, in Hausa, of twelve ""medicinal"" trees.|Condition: Partially vocalised, rubricated.",p. 1 recto|p. 1 verso|p. 2 recto|p. 2 verso|p. 3 recto|p. 3 verso|p. 4 recto|p. 4 verso|p. 5 recto|p. 5 verso|p. 6 recto|p. 6 verso|p. 7 recto|p. 7 verso|p. 8 recto|p. 8 verso|p. 9 recto|p. 9 verso|p. 10 recto|p. 10 verso|p. 11 recto|p. 11 verso|p. 12 recto|p. 12 verso|p. 13 recto|p. 13 verso|p. 14 recto|p. 14 verso|p. 15 recto|p. 15 verso|p. 16 recto|p. 16 verso|p. 17 recto|p. 17 verso|p. 18 recto|p. 18 verso|p. 19 recto|p. 19 verso|p. 20 recto|p. 20 verso|p. 21 recto|p. 21 verso|p. 22 recto|p. 22 verso|p. 23 recto|p. 23 verso|p. 24 recto|p. 24 verso|p. 25 recto|p. 25 verso|p. 26 recto|p. 26 verso|p. 27 recto|p. 27 verso|p. 28 recto|p. 28 verso|p. 29 recto|p. 29 verso|p. 30 recto|p. 30 verso|p. 31 recto|p. 31 verso|p. 32 recto|p. 32 verso|p. 33 recto|p. 33 verso|p. 34 recto|p. 34 verso|p. 35 recto|p. 35 verso|p. 36 recto|p. 36 verso|p. 37 recto|p. 37 verso|p. 38 recto|p. 38 verso|p. 39 recto|p. 39 verso|binding,,,manuscripts (documents)|Prose: collective work|نثر: مجموع,d08afcde-0ca1-4de8-bb58-d82419b26ede,Falke 1181|West African Arabic Manuscript Project 3955 (Kano),https://api.dc.library.northwestern.edu/api/v2/works/d08afcde-0ca1-4de8-bb58-d82419b26ede?as=iiif,2023-02-22T15:45:10.926994,P0455	Four Arabic Manuscripts Collections,P0455 Four Arabic Manuscripts Collection - Falke 1181.csv,,Hausa,,Herskovits Library of African Studies,None,,2023-02-22T15:43:37.940390Z,"{'note': 'Language: Arabic/Hausa', 'type': 'Language Note'}|{'note': 'Part of the Maktaba grant project ', 'type': 'Local Note'}",39 leaves,12 x 19 cm,Level 1,"{'cycle': '2023', 'desc': None, 'manager': 'Nicole Finzer', 'name': 'Four Arabic Manuscripts Collections', 'proposer': 'Esmeralda Kale', 'task_number': 'P0455'}",,True,,,Research Guide,https://iiif.dc.library.northwestern.edu/iiif/2/27b9d30f-45c9-404e-8a8a-f24684732bfe,,Copyright Undetermined,,Arabic Manuscripts from West Africa--The ‘Umar Falke Collection,,Done,,Esoteric sciences: miscellanea|باطنيات: فواعد,,,"The images on this web site are from material in the collections of the Melville J. Herskovits Library of African Studies at Northwestern University Libraries, are provided for use by its students, faculty and staff, and by other researchers visiting this site, for research consultation and scholarly purposes only. Further distribution and/or any commercial use of the images from this site is not permitted.",https://api.dc.library.northwestern.edu/api/v2/works/d08afcde-0ca1-4de8-bb58-d82419b26ede/thumbnail,مجموع الفواعد,Public,Image
,P0455_FOUR_9972374964202441,,https://api.dc.library.northwestern.edu/api/v2/works/e60201d1-b392-4544-9500-0c986567b415,Work,ark:/81985/n2xd0ts1m,2c14691f-090d-48fb-8a2b-2fc92c5f7319,,,https://dc.library.northwestern.edu/items/e60201d1-b392-4544-9500-0c986567b415,,9972374964202441,Arabic Manuscripts from West Africa,"Ibn Ḥanbal, Aḥmad ibn Muḥammad, 780-855|Falke, ʻUmar, 1893-1962|Falke, ʻUmar, 1893-1962",2023-02-10T19:56:34.638549Z,,,,,"Biographical account of author's teachers in the `Ulum [Islamic Sciences] and the Tariqa.| Occasional marginal glosses in a different hand, in blue ink.",p. 1|p. 2|p. 3|p. 4|p. 5|p. 6|p. 7 |p. 8|p. 9|p. 10|p. 11|p. 12|p. 13|p. 14|p. 15|p. 16|p. 17|p. 18|p. 19|p. 20|p. 21|p. 22|p. 23|p. 24|p. 25|p. 26|p. 27|p. 28|p. 29|p. 30|p. 31|p. 32|p. 33|p. 34|p. 35|p. 36|p. 37|p. 38|p. 39|p. 40|p. 41|p. 42|p. 43|p. 44|p. 45|p. 46|p. 47|p. 48|p. 49|p. 50|p. 51|p. 52|p. 53|p. 54|p. 55|p. 56 |p. 57|p. 58|p. 59|p. 60|p. 61|p. 62|p. 63|p. 64|p. 65|p. 66|p. 67|p. 68|p. 69|p. 70|p. 71|p. 72|p. 73|p. 74|binding,,,manuscripts (documents)|Prose: book|نثر: كتاب,e60201d1-b392-4544-9500-0c986567b415,Falke 503|West African Arabic Manuscript Project 3215 (Kano),https://api.dc.library.northwestern.edu/api/v2/works/e60201d1-b392-4544-9500-0c986567b415?as=iiif,2023-02-22T16:11:19.683525,P0455	Four Arabic Manuscripts Collections,P0455 Four Arabic Manuscripts Collection - Falke 0503.csv,,Arabic,,Herskovits Library of African Studies,None,,2023-02-22T16:10:48.942035Z,"{'note': 'Part of the Maktaba grant project', 'type': 'Local Note'}|{'note': 'Condition: Partially vocalised and rubricated. Watermark, Slate, ""Hakuri Maganin Dunya"", REGISTERED TRADEMARK.', 'type': 'Local Note'}|{'note': 'English Translation in Mohammed, A. [1978], pp.174-205.', 'type': 'Language Note'}|{'note': ""Author d. 22 Muharram 1382/25 June 1962. Author's nisba: Kanawi/Tawariqi/Tijani. Author known as: `Umar Falke"", 'type': 'Biographical/Historical Note'}|{'note': 'اسم الشهرة: عمر فلكي .النسبة: كنوي/ طوارقي/ تجاني \n', 'type': 'Biographical/Historical Note'}",37 leaves,17 x 22 cm,Level 1,"{'cycle': '2023', 'desc': None, 'manager': 'Nicole Finzer', 'name': 'Four Arabic Manuscripts Collections', 'proposer': 'Esmeralda Kale', 'task_number': 'P0455'}",,True,,,Research Guide,https://iiif.dc.library.northwestern.edu/iiif/2/d35c5932-e578-4ab7-9fba-44c4a9f155d6,,Copyright Undetermined,,Arabic Manuscripts from West Africa--The ‘Umar Falke Collection,,Done,,Biography: collective: `ulama'|تراجم: جماعية: علماء,,,"The images on this web site are from material in the collections of the Melville J. Herskovits Library of African Studies at Northwestern University Libraries, are provided for use by its students, faculty and staff, and by other researchers visiting this site, for research consultation and scholarly purposes only. Further distribution and/or any commercial use of the images from this site is not permitted.",https://api.dc.library.northwestern.edu/api/v2/works/e60201d1-b392-4544-9500-0c986567b415/thumbnail,مفاخر الجيل الكرام وتراجم العلماء والاولياء,Public,Image
